{"extensionType":"field_faas","i18nMap":{"zh-CN":{"videoMethod":"模型选择","imagePrompt":"提示词","refImage":"参考图片","modelBrand":"迅客"},"en-US":{"videoMethod":"Model selection","imagePrompt":"Image editing prompt","refImage":"Reference image","modelBrand":"Xunke"},"ja-JP":{"videoMethod":"画像生成方式","imagePrompt":"画像編集提示詞","refImage":"参考画像","modelBrand":"迅客"}},"fields":[{"fieldType":17,"uiSchema":{"fieldsConfigEditor":{"component":"OpenFieldMetaEditor","props":{"schema":{"authorizations":[{"id":"auth_id_1","platform":"xunkecloud","type":"HeaderBearerToken","required":true,"instructionsUrl":"http://api.xunkecloud.cn/login","label":"关联账号","icon":{"light":"","dark":""},"isRequired":true,"authType":"APIKey"}],"items":[{"key":"videoMethod","label":"${{videoMethod}}","component":"SingleSelect","defaultValue":{"label":"${{modelBrand}} Na","value":"nano-banana"},"props":{"options":[{"label":"${{modelBrand}} Na","value":"nano-banana"},{"label":"${{modelBrand}} Na-Pro","value":"nano-banana-pro"},{"label":"${{modelBrand}} Na-Pro-4k","value":"nano-banana-pro_4k"}]}},{"key":"imagePrompt","label":"${{imagePrompt}}","component":"Text","props":{"placeholder":"自然语言说出要求，例如：将图片中的手机去掉（使用翻译后提示词效果更佳）"},"validator":{"required":true}},{"key":"refImage","label":"${{refImage}}","component":"FieldSelect","props":{"supportType":[17]}}]}}}},"presetFieldConfig":{"fieldProperty":{"propertyType":17,"properties":[]},"externalEditorConfig":{}},"disableAutoUpdate":false}]}